Name,Gender
John Smith,Male
Emily Johnson,Female
Alex Taylor,Male
Michael Lee,Male
Sarah Wilson,Male
Taylor Brown,LGBTQ+
Chris Martinez,Male
Kim Nguyen,Female
Jordan Adams,LGBTQ+
Taylor Green,Female
James Davis,Male
Rachel White,Female
Taylor Williams,LGBTQ+
Daniel Miller,Male
Stephanie Clark,Female
Casey Brown,Female
Taylor Martinez,Male
Lindsey Smith,Female
Avery Jones,LGBTQ+
Ryan Johnson,Male
Taylor Davis,LGBTQ+
Sam Taylor,Male
Jamie Harris,Female
Alex Parker,Male
Jordan Adams,Male
Morgan White,Female
Taylor Williams,LGBTQ+
Chris Thomas,Male
Taylor Green,LGBTQ+
Alex Wilson,Female
Casey Brown,Male
Taylor Martinez,LGBTQ+
Kim Nguyen,LGBTQ+
Taylor Davis,Male
Jordan Adams,LGBTQ+
Lindsey Smith,Female
Avery Jones,Male
Ryan Johnson,LGBTQ+
Taylor Davis,Male
Jamie Harris,Female
Alex Parker,Male
Morgan White,Male
Taylor Williams,LGBTQ+
Chris Thomas,LGBTQ+
Emily Johnson,Male
Stephanie Clark,LGBTQ+
John Smith,LGBTQ+
Taylor Green,Female
James Davis,Male
Alex Taylor,Male
Michael Lee,Male
Sam Taylor,Female
Daniel Miller,Male